id,label
Чай на каждый день,Сценарии потребления
Что пить перед сном,Сценарии потребления
Чай на вечер,Сценарии потребления
Чай для завтрака,Сценарии потребления
"Не люблю, когда чай вяжет",Сценарии потребления
Идеальный чай в подарок,Сценарии потребления
Чай для сил и бодрости,Сценарии потребления
Чай для родителей,Чай для близких
Удивить гостей,Чай для близких
Бесплатная доставка,Чай для близких
Для здоровья,Сценарии потребления
Чай с долгим послевкусием,Развитие вкуса
Индивидуальная дегустация чая,Развитие вкуса
Чай с доставкой на дом,Развитие вкуса
Личный консультант,Развитие вкуса
История чая,Развитие вкуса
Как правильно провести церемонию,Развитие вкуса
"Что делать, если чай слишком горький",Найти свой чай
Открыть следующий уровень чая,Найти свой чай
Микролоты и легендарные сорта,Найти свой чай
"Не люблю, когда чай вяжет",Найти свой чай
Скидки,Скидки